date,ths_weak,ths_pool,ths_passed,ths_target,ths_top10,ths_items,jq_weak,jq_pool,jq_passed,jq_target,jq_top10,jq_items,target_match,top10_overlap,passed_diff,top1_match
2020-07-17,True,9,3,161226,"['161226', '513030', '513500']","[{'code': '161226', 'score': 0.8788, 'annualized': 1.1323, 'r2': 0.7761, 'price': 0.863, 'today_volume': 23100.0}, {'code': '513030', 'score': 0.2601, 'annualized': 0.6358, 'r2': 0.4091, 'price': 1.081, 'today_volume': 3000.0}, {'code': '513500', 'score': 0.0286, 'annualized': 0.2528, 'r2': 0.1132, 'price': 2.103, 'today_volume': 5900.0}]",True,9,4,159980,"['159980', '161226', '513030', '513500']","[{'code': '159980', 'score': 1.3497, 'annualized': 1.5514, 'r2': 0.87, 'price': 1.013, 'today_volume': 0.0}, {'code': '161226', 'score': 0.8788, 'annualized': 1.1323, 'r2': 0.7761, 'price': 0.863, 'today_volume': 0.0}, {'code': '513030', 'score': 0.2601, 'annualized': 0.6358, 'r2': 0.4091, 'price': 1.081, 'today_volume': 0.0}, {'code': '513500', 'score': 0.0286, 'annualized': 0.2528, 'r2': 0.1132, 'price': 2.103, 'today_volume': 0.0}]",False,3,-1,False
2020-12-14,True,9,2,501018,"['501018', '513500']","[{'code': '501018', 'score': 0.9149, 'annualized': 1.2818, 'r2': 0.7137, 'price': 0.562, 'today_volume': 351300.0}, {'code': '513500', 'score': 0.2968, 'annualized': 0.3824, 'r2': 0.7761, 'price': 2.275, 'today_volume': 480900.0}]",True,9,3,159980,"['159980', '501018', '513500']","[{'code': '159980', 'score': 1.0651, 'annualized': 1.2373, 'r2': 0.8608, 'price': 1.175, 'today_volume': 0.0}, {'code': '501018', 'score': 0.9149, 'annualized': 1.2818, 'r2': 0.7137, 'price': 0.562, 'today_volume': 0.0}, {'code': '513500', 'score': 0.2968, 'annualized': 0.3824, 'r2': 0.7761, 'price': 2.275, 'today_volume': 0.0}]",False,2,-1,False
2021-04-20,False,60,30,512480,"['512480', '512690', '513100', '513500', '513030', '159995', '515210', '159967', '515170', '159981']","[{'code': '512480', 'score': 1.814, 'annualized': 2.5844, 'r2': 0.7019, 'price': 0.958, 'today_volume': 410300.0}, {'code': '512690', 'score': 1.7775, 'annualized': 2.4134, 'r2': 0.7365, 'price': 2.604, 'today_volume': 514400.0}, {'code': '513100', 'score': 1.4911, 'annualized': 1.8392, 'r2': 0.8108, 'price': 4.637, 'today_volume': 3800.0}, {'code': '513500', 'score': 1.1555, 'annualized': 1.327, 'r2': 0.8708, 'price': 2.565, 'today_volume': 32300.0}, {'code': '513030', 'score': 1.0913, 'annualized': 1.2382, 'r2': 0.8814, 'price': 1.249, 'today_volume': nan}, {'code': '159995', 'score': 1.0393, 'annualized': 1.6752, 'r2': 0.6204, 'price': 1.186, 'today_volume': 239400.0}, {'code': '515210', 'score': 0.9658, 'annualized': 2.1159, 'r2': 0.4565, 'price': 1.582, 'today_volume': 5200.0}, {'code': '159967', 'score': 0.8639, 'annualized': 1.3883, 'r2': 0.6223, 'price': 0.649, 'today_volume': 2414715.0}, {'code': '515170', 'score': 0.8636, 'annualized': 1.3145, 'r2': 0.657, 'price': 0.904, 'today_volume': 338800.0}, {'code': '159981', 'score': 0.7817, 'annualized': 1.1434, 'r2': 0.6836, 'price': 1.152, 'today_volume': 1000.0}]",False,62,31,512690,"['512690', '513100', '512480', '513500', '513030', '159995', '515210', '159967', '515170', '159981']","[{'code': '512690', 'score': 1.7775, 'annualized': 2.4134, 'r2': 0.7365, 'price': 2.604, 'today_volume': 0.0}, {'code': '513100', 'score': 1.4911, 'annualized': 1.8392, 'r2': 0.8108, 'price': 4.637, 'today_volume': 0.0}, {'code': '512480', 'score': 1.213, 'annualized': 1.8824, 'r2': 0.6444, 'price': 0.958, 'today_volume': 0.0}, {'code': '513500', 'score': 1.1555, 'annualized': 1.327, 'r2': 0.8708, 'price': 2.565, 'today_volume': 0.0}, {'code': '513030', 'score': 1.0913, 'annualized': 1.2382, 'r2': 0.8814, 'price': 1.249, 'today_volume': 0.0}, {'code': '159995', 'score': 1.0393, 'annualized': 1.6752, 'r2': 0.6204, 'price': 1.186, 'today_volume': 0.0}, {'code': '515210', 'score': 0.9658, 'annualized': 2.1159, 'r2': 0.4565, 'price': 1.582, 'today_volume': 0.0}, {'code': '159967', 'score': 0.8639, 'annualized': 1.3883, 'r2': 0.6223, 'price': 0.649, 'today_volume': 0.0}, {'code': '515170', 'score': 0.8636, 'annualized': 1.3145, 'r2': 0.657, 'price': 0.904, 'today_volume': 0.0}, {'code': '159981', 'score': 0.7817, 'annualized': 1.1434, 'r2': 0.6836, 'price': 1.152, 'today_volume': 0.0}]",False,10,-1,False
2021-05-26,False,60,21,512690,"['512690', '512010', '512170', '159967', '159949', '515120', '159992', '515170', '515030', '159915']","[{'code': '512690', 'score': 2.0745, 'annualized': 3.0803, 'r2': 0.6735, 'price': 1.46, 'today_volume': 343900.0}, {'code': '512010', 'score': 1.7689, 'annualized': 2.332, 'r2': 0.7585, 'price': 3.286, 'today_volume': 15500.0}, {'code': '512170', 'score': 1.7209, 'annualized': 2.3105, 'r2': 0.7448, 'price': 0.891, 'today_volume': 72400.0}, {'code': '159967', 'score': 1.6939, 'annualized': 2.4718, 'r2': 0.6853, 'price': 0.733, 'today_volume': 180200.0}, {'code': '159949', 'score': 1.6612, 'annualized': 2.313, 'r2': 0.7182, 'price': 1.385, 'today_volume': 682600.0}, {'code': '515120', 'score': 1.5569, 'annualized': 2.172, 'r2': 0.7168, 'price': 1.152, 'today_volume': 5500.0}, {'code': '159992', 'score': 1.4438, 'annualized': 2.0788, 'r2': 0.6945, 'price': 1.553, 'today_volume': 6300.0}, {'code': '515170', 'score': 1.2482, 'annualized': 2.0377, 'r2': 0.6126, 'price': 0.992, 'today_volume': 287600.0}, {'code': '515030', 'score': 1.1926, 'annualized': 2.0665, 'r2': 0.5771, 'price': 1.719, 'today_volume': 216200.0}, {'code': '159915', 'score': 1.1902, 'annualized': 1.7622, 'r2': 0.6754, 'price': 3.09, 'today_volume': 219400.0}]",False,63,22,512010,"['512010', '512170', '159967', '159949', '515120', '159992', '512690', '515170', '515030', '159915']","[{'code': '512010', 'score': 1.7689, 'annualized': 2.332, 'r2': 0.7585, 'price': 3.286, 'today_volume': 0.0}, {'code': '512170', 'score': 1.7209, 'annualized': 2.3105, 'r2': 0.7448, 'price': 0.891, 'today_volume': 0.0}, {'code': '159967', 'score': 1.6939, 'annualized': 2.4718, 'r2': 0.6853, 'price': 0.733, 'today_volume': 0.0}, {'code': '159949', 'score': 1.6612, 'annualized': 2.313, 'r2': 0.7182, 'price': 1.385, 'today_volume': 0.0}, {'code': '515120', 'score': 1.5569, 'annualized': 2.172, 'r2': 0.7168, 'price': 1.152, 'today_volume': 0.0}, {'code': '159992', 'score': 1.4438, 'annualized': 2.0788, 'r2': 0.6945, 'price': 1.553, 'today_volume': 0.0}, {'code': '512690', 'score': 1.2869, 'annualized': 2.0805, 'r2': 0.6186, 'price': 1.46, 'today_volume': 0.0}, {'code': '515170', 'score': 1.2482, 'annualized': 2.0377, 'r2': 0.6126, 'price': 0.992, 'today_volume': 0.0}, {'code': '515030', 'score': 1.1926, 'annualized': 2.0665, 'r2': 0.5771, 'price': 1.719, 'today_volume': 0.0}, {'code': '159915', 'score': 1.1902, 'annualized': 1.7622, 'r2': 0.6754, 'price': 3.09, 'today_volume': 0.0}]",False,10,-1,False
2021-05-27,False,61,22,512690,"['512690', '512170', '159967', '159949', '512010', '515170', '515120', '159915', '515030', '159992']","[{'code': '512690', 'score': 2.4113, 'annualized': 3.4865, 'r2': 0.6916, 'price': 1.469, 'today_volume': 480400.0}, {'code': '512170', 'score': 1.6789, 'annualized': 2.2321, 'r2': 0.7522, 'price': 0.899, 'today_volume': 541900.0}, {'code': '159967', 'score': 1.6527, 'annualized': 2.3901, 'r2': 0.6915, 'price': 0.739, 'today_volume': 225800.0}, {'code': '159949', 'score': 1.6205, 'annualized': 2.2404, 'r2': 0.7233, 'price': 1.391, 'today_volume': 525600.0}, {'code': '512010', 'score': 1.5317, 'annualized': 2.0405, 'r2': 0.7507, 'price': 3.289, 'today_volume': 57100.0}, {'code': '515170', 'score': 1.5287, 'annualized': 2.3915, 'r2': 0.6392, 'price': 0.998, 'today_volume': 461000.0}, {'code': '515120', 'score': 1.2212, 'annualized': 1.779, 'r2': 0.6865, 'price': 1.149, 'today_volume': 1000.0}, {'code': '159915', 'score': 1.2065, 'annualized': 1.7714, 'r2': 0.6811, 'price': 3.108, 'today_volume': 189000.0}, {'code': '515030', 'score': 1.1875, 'annualized': 2.056, 'r2': 0.5776, 'price': 1.722, 'today_volume': 445000.0}, {'code': '159992', 'score': 1.1397, 'annualized': 1.7108, 'r2': 0.6662, 'price': 1.55, 'today_volume': 59200.0}]",False,64,24,512170,"['512170', '159967', '159949', '512010', '515170', '512690', '515120', '159915', '515030', '159992']","[{'code': '512170', 'score': 1.6789, 'annualized': 2.2321, 'r2': 0.7522, 'price': 0.899, 'today_volume': 0.0}, {'code': '159967', 'score': 1.6527, 'annualized': 2.3901, 'r2': 0.6915, 'price': 0.739, 'today_volume': 0.0}, {'code': '159949', 'score': 1.6205, 'annualized': 2.2404, 'r2': 0.7233, 'price': 1.391, 'today_volume': 0.0}, {'code': '512010', 'score': 1.5317, 'annualized': 2.0405, 'r2': 0.7507, 'price': 3.289, 'today_volume': 0.0}, {'code': '515170', 'score': 1.5287, 'annualized': 2.3915, 'r2': 0.6392, 'price': 0.998, 'today_volume': 0.0}, {'code': '512690', 'score': 1.5062, 'annualized': 2.3652, 'r2': 0.6368, 'price': 1.469, 'today_volume': 0.0}, {'code': '515120', 'score': 1.2212, 'annualized': 1.779, 'r2': 0.6865, 'price': 1.149, 'today_volume': 0.0}, {'code': '159915', 'score': 1.2065, 'annualized': 1.7714, 'r2': 0.6811, 'price': 3.108, 'today_volume': 0.0}, {'code': '515030', 'score': 1.1875, 'annualized': 2.056, 'r2': 0.5776, 'price': 1.722, 'today_volume': 0.0}, {'code': '159992', 'score': 1.1397, 'annualized': 1.7108, 'r2': 0.6662, 'price': 1.55, 'today_volume': 0.0}]",False,10,-2,False
2021-05-28,False,62,29,512690,"['512690', '159949', '515030', '515170', '159967', '512170', '512880', '159915', '512010', '512670']","[{'code': '512690', 'score': 2.8472, 'annualized': 3.9832, 'r2': 0.7148, 'price': 1.483, 'today_volume': 2250700.0}, {'code': '159949', 'score': 1.9221, 'annualized': 2.599, 'r2': 0.7396, 'price': 1.427, 'today_volume': 2327100.0}, {'code': '515030', 'score': 1.8749, 'annualized': 2.9181, 'r2': 0.6425, 'price': 1.825, 'today_volume': 1762300.0}, {'code': '515170', 'score': 1.8635, 'annualized': 2.7609, 'r2': 0.675, 'price': 1.001, 'today_volume': 1831400.0}, {'code': '159967', 'score': 1.8631, 'annualized': 2.6438, 'r2': 0.7047, 'price': 0.754, 'today_volume': 377800.0}, {'code': '512170', 'score': 1.7767, 'annualized': 2.3414, 'r2': 0.7588, 'price': 0.905, 'today_volume': 576300.0}, {'code': '512880', 'score': 1.4575, 'annualized': 2.4296, 'r2': 0.5999, 'price': 1.153, 'today_volume': 12503800.0}, {'code': '159915', 'score': 1.4451, 'annualized': 2.0546, 'r2': 0.7033, 'price': 3.169, 'today_volume': 614900.0}, {'code': '512010', 'score': 1.4284, 'annualized': 1.9154, 'r2': 0.7458, 'price': 3.299, 'today_volume': 149600.0}, {'code': '512670', 'score': 1.087, 'annualized': 2.1903, 'r2': 0.4963, 'price': 1.762, 'today_volume': 129500.0}]",False,64,30,159949,"['159949', '515030', '515170', '159967', '512690', '512170', '512880', '159915', '512010', '516160']","[{'code': '159949', 'score': 1.9221, 'annualized': 2.599, 'r2': 0.7396, 'price': 1.427, 'today_volume': 0.0}, {'code': '515030', 'score': 1.8749, 'annualized': 2.9181, 'r2': 0.6425, 'price': 1.825, 'today_volume': 0.0}, {'code': '515170', 'score': 1.8635, 'annualized': 2.7609, 'r2': 0.675, 'price': 1.001, 'today_volume': 0.0}, {'code': '159967', 'score': 1.8631, 'annualized': 2.6438, 'r2': 0.7047, 'price': 0.754, 'today_volume': 0.0}, {'code': '512690', 'score': 1.8008, 'annualized': 2.7258, 'r2': 0.6606, 'price': 1.483, 'today_volume': 0.0}, {'code': '512170', 'score': 1.7767, 'annualized': 2.3414, 'r2': 0.7588, 'price': 0.905, 'today_volume': 0.0}, {'code': '512880', 'score': 1.4575, 'annualized': 2.4296, 'r2': 0.5999, 'price': 1.153, 'today_volume': 0.0}, {'code': '159915', 'score': 1.4451, 'annualized': 2.0546, 'r2': 0.7033, 'price': 3.169, 'today_volume': 0.0}, {'code': '512010', 'score': 1.4284, 'annualized': 1.9154, 'r2': 0.7458, 'price': 3.299, 'today_volume': 0.0}, {'code': '516160', 'score': 1.1358, 'annualized': 1.6262, 'r2': 0.6984, 'price': 0.968, 'today_volume': 0.0}]",False,9,-1,False
2021-05-31,False,62,33,512690,"['512690', '515030', '159949', '515170', '512880', '159967', '512670', '159915', '512170', '512710']","[{'code': '512690', 'score': 3.0507, 'annualized': 4.1522, 'r2': 0.7347, 'price': 1.472, 'today_volume': 389300.0}, {'code': '515030', 'score': 2.6894, 'annualized': 3.9681, 'r2': 0.6778, 'price': 1.878, 'today_volume': 150600.0}, {'code': '159949', 'score': 2.0081, 'annualized': 2.6839, 'r2': 0.7482, 'price': 1.434, 'today_volume': 704200.0}, {'code': '515170', 'score': 1.983, 'annualized': 2.8254, 'r2': 0.7019, 'price': 0.99, 'today_volume': 366500.0}, {'code': '512880', 'score': 1.8598, 'annualized': 2.7473, 'r2': 0.6769, 'price': 1.136, 'today_volume': 2035000.0}, {'code': '159967', 'score': 1.8244, 'annualized': 2.5764, 'r2': 0.7081, 'price': 0.752, 'today_volume': 101900.0}, {'code': '512670', 'score': 1.7512, 'annualized': 2.9254, 'r2': 0.5986, 'price': 1.798, 'today_volume': 25900.0}, {'code': '159915', 'score': 1.5224, 'annualized': 2.1259, 'r2': 0.7161, 'price': 3.179, 'today_volume': 105100.0}, {'code': '512170', 'score': 1.4759, 'annualized': 2.0049, 'r2': 0.7362, 'price': 0.893, 'today_volume': 1615900.0}, {'code': '512710', 'score': 1.3193, 'annualized': 2.3001, 'r2': 0.5736, 'price': 0.815, 'today_volume': 285500.0}]",False,64,34,515030,"['515030', '159949', '515170', '512690', '512880', '159967', '512670', '159915', '512170', '516160']","[{'code': '515030', 'score': 2.6894, 'annualized': 3.9681, 'r2': 0.6778, 'price': 1.878, 'today_volume': 0.0}, {'code': '159949', 'score': 2.0081, 'annualized': 2.6839, 'r2': 0.7482, 'price': 1.434, 'today_volume': 0.0}, {'code': '515170', 'score': 1.983, 'annualized': 2.8254, 'r2': 0.7019, 'price': 0.99, 'today_volume': 0.0}, {'code': '512690', 'score': 1.9502, 'annualized': 2.8592, 'r2': 0.6821, 'price': 1.472, 'today_volume': 0.0}, {'code': '512880', 'score': 1.8598, 'annualized': 2.7473, 'r2': 0.6769, 'price': 1.136, 'today_volume': 0.0}, {'code': '159967', 'score': 1.8244, 'annualized': 2.5764, 'r2': 0.7081, 'price': 0.752, 'today_volume': 0.0}, {'code': '512670', 'score': 1.7512, 'annualized': 2.9254, 'r2': 0.5986, 'price': 1.798, 'today_volume': 0.0}, {'code': '159915', 'score': 1.5224, 'annualized': 2.1259, 'r2': 0.7161, 'price': 3.179, 'today_volume': 0.0}, {'code': '512170', 'score': 1.4759, 'annualized': 2.0049, 'r2': 0.7362, 'price': 0.893, 'today_volume': 0.0}, {'code': '516160', 'score': 1.4339, 'annualized': 2.0304, 'r2': 0.7062, 'price': 0.99, 'today_volume': 0.0}]",False,9,-1,False
2021-06-03,False,62,42,512690,"['512690', '512670', '515170', '512710', '512660', '512880', '159949', '588080', '159915', '159967']","[{'code': '512690', 'score': 4.3002, 'annualized': 5.1766, 'r2': 0.8307, 'price': 1.51, 'today_volume': 723700.0}, {'code': '512670', 'score': 3.2271, 'annualized': 4.2021, 'r2': 0.768, 'price': 1.763, 'today_volume': 1045200.0}, {'code': '515170', 'score': 2.6549, 'annualized': 3.3117, 'r2': 0.8017, 'price': 1.005, 'today_volume': 157900.0}, {'code': '512710', 'score': 2.2823, 'annualized': 3.0388, 'r2': 0.751, 'price': 0.798, 'today_volume': 240100.0}, {'code': '512660', 'score': 2.271, 'annualized': 2.9678, 'r2': 0.7652, 'price': 1.106, 'today_volume': 1127000.0}, {'code': '512880', 'score': 2.265, 'annualized': 2.9039, 'r2': 0.78, 'price': 1.112, 'today_volume': 916100.0}, {'code': '159949', 'score': 2.2041, 'annualized': 2.8553, 'r2': 0.7719, 'price': 1.408, 'today_volume': 2044500.0}, {'code': '588080', 'score': 1.7893, 'annualized': 2.7186, 'r2': 0.6582, 'price': 1.461, 'today_volume': 203177.0}, {'code': '159915', 'score': 1.7698, 'annualized': 2.3265, 'r2': 0.7607, 'price': 3.136, 'today_volume': 214500.0}, {'code': '159967', 'score': 1.7509, 'annualized': 2.4883, 'r2': 0.7036, 'price': 0.741, 'today_volume': 38100.0}]",False,64,43,512670,"['512670', '512690', '515170', '516160', '512710', '512660', '512880', '159949', '588080', '159915']","[{'code': '512670', 'score': 3.2271, 'annualized': 4.2021, 'r2': 0.768, 'price': 1.763, 'today_volume': 0.0}, {'code': '512690', 'score': 2.9866, 'annualized': 3.7467, 'r2': 0.7971, 'price': 1.51, 'today_volume': 0.0}, {'code': '515170', 'score': 2.6549, 'annualized': 3.3117, 'r2': 0.8017, 'price': 1.005, 'today_volume': 0.0}, {'code': '516160', 'score': 2.4878, 'annualized': 3.1823, 'r2': 0.7818, 'price': 0.98, 'today_volume': 0.0}, {'code': '512710', 'score': 2.2823, 'annualized': 3.0388, 'r2': 0.751, 'price': 0.798, 'today_volume': 0.0}, {'code': '512660', 'score': 2.271, 'annualized': 2.9678, 'r2': 0.7652, 'price': 1.106, 'today_volume': 0.0}, {'code': '512880', 'score': 2.265, 'annualized': 2.9039, 'r2': 0.78, 'price': 1.112, 'today_volume': 0.0}, {'code': '159949', 'score': 2.2041, 'annualized': 2.8553, 'r2': 0.7719, 'price': 1.408, 'today_volume': 0.0}, {'code': '588080', 'score': 1.7893, 'annualized': 2.7186, 'r2': 0.6582, 'price': 1.461, 'today_volume': 0.0}, {'code': '159915', 'score': 1.7698, 'annualized': 2.3265, 'r2': 0.7607, 'price': 3.136, 'today_volume': 0.0}]",False,9,-1,False
2021-07-01,False,64,18,515030,"['515030', '588080', '515050', '516520', '501018', '159967', '513100', '159851', '515880', '515980']","[{'code': '515030', 'score': 3.071, 'annualized': 3.9967, 'r2': 0.7684, 'price': 2.097, 'today_volume': 44000.0}, {'code': '588080', 'score': 2.7978, 'annualized': 3.2442, 'r2': 0.8624, 'price': 1.62, 'today_volume': 431628.0}, {'code': '515050', 'score': 2.3563, 'annualized': 2.7007, 'r2': 0.8725, 'price': 1.205, 'today_volume': 2417200.0}, {'code': '516520', 'score': 2.3291, 'annualized': 2.671, 'r2': 0.872, 'price': 1.094, 'today_volume': nan}, {'code': '501018', 'score': 1.8201, 'annualized': 1.9456, 'r2': 0.9355, 'price': 0.835, 'today_volume': 22600.0}, {'code': '159967', 'score': 1.5898, 'annualized': 2.5334, 'r2': 0.6275, 'price': 0.832, 'today_volume': 1054642.0}, {'code': '513100', 'score': 1.4113, 'annualized': 1.5572, 'r2': 0.9063, 'price': 4.829, 'today_volume': 151000.0}, {'code': '159851', 'score': 1.2879, 'annualized': 1.797, 'r2': 0.7167, 'price': 1.208, 'today_volume': nan}, {'code': '515880', 'score': 1.0622, 'annualized': 1.2628, 'r2': 0.8411, 'price': 1.018, 'today_volume': 15500.0}, {'code': '515980', 'score': 0.9277, 'annualized': 1.1966, 'r2': 0.7753, 'price': 1.201, 'today_volume': 17500.0}]",False,66,20,516160,"['516160', '515030', '588080', '515050', '516520', '501018', '159967', '513100', '159851', '515880']","[{'code': '516160', 'score': 3.9691, 'annualized': 4.9575, 'r2': 0.8006, 'price': 1.109, 'today_volume': 0.0}, {'code': '515030', 'score': 3.071, 'annualized': 3.9967, 'r2': 0.7684, 'price': 2.097, 'today_volume': 0.0}, {'code': '588080', 'score': 2.7978, 'annualized': 3.2442, 'r2': 0.8624, 'price': 1.62, 'today_volume': 0.0}, {'code': '515050', 'score': 2.3563, 'annualized': 2.7007, 'r2': 0.8725, 'price': 1.205, 'today_volume': 0.0}, {'code': '516520', 'score': 2.3291, 'annualized': 2.671, 'r2': 0.872, 'price': 1.094, 'today_volume': 0.0}, {'code': '501018', 'score': 1.8201, 'annualized': 1.9456, 'r2': 0.9355, 'price': 0.835, 'today_volume': 0.0}, {'code': '159967', 'score': 1.5898, 'annualized': 2.5334, 'r2': 0.6275, 'price': 0.832, 'today_volume': 0.0}, {'code': '513100', 'score': 1.4113, 'annualized': 1.5572, 'r2': 0.9063, 'price': 4.829, 'today_volume': 0.0}, {'code': '159851', 'score': 1.2879, 'annualized': 1.797, 'r2': 0.7167, 'price': 1.208, 'today_volume': 0.0}, {'code': '515880', 'score': 1.0622, 'annualized': 1.2628, 'r2': 0.8411, 'price': 1.018, 'today_volume': 0.0}]",False,9,-2,False
2021-07-02,False,64,15,515030,"['515030', '588080', '516520', '501018', '515050', '159967', '513100', '159949', '515980', '159819']","[{'code': '515030', 'score': 3.0622, 'annualized': 3.9663, 'r2': 0.7721, 'price': 2.1, 'today_volume': 1744500.0}, {'code': '588080', 'score': 2.426, 'annualized': 2.8718, 'r2': 0.8448, 'price': 1.581, 'today_volume': 189924.0}, {'code': '516520', 'score': 2.0813, 'annualized': 2.4104, 'r2': 0.8635, 'price': 1.066, 'today_volume': 52000.0}, {'code': '501018', 'score': 1.8692, 'annualized': 1.9862, 'r2': 0.9411, 'price': 0.849, 'today_volume': 19500.0}, {'code': '515050', 'score': 1.8631, 'annualized': 2.2281, 'r2': 0.8362, 'price': 1.166, 'today_volume': 711400.0}, {'code': '159967', 'score': 1.6588, 'annualized': 2.536, 'r2': 0.6541, 'price': 0.807, 'today_volume': 301375.0}, {'code': '513100', 'score': 1.5181, 'annualized': 1.6232, 'r2': 0.9353, 'price': 4.824, 'today_volume': 8400.0}, {'code': '159949', 'score': 0.8476, 'annualized': 1.5341, 'r2': 0.5525, 'price': 1.491, 'today_volume': 2507800.0}, {'code': '515980', 'score': 0.7789, 'annualized': 1.0379, 'r2': 0.7505, 'price': 1.171, 'today_volume': nan}, {'code': '159819', 'score': 0.5731, 'annualized': 0.8029, 'r2': 0.7137, 'price': 0.977, 'today_volume': 10000.0}]",False,66,16,516160,"['516160', '515030', '588080', '516520', '501018', '515050', '159967', '513100', '159949', '515980']","[{'code': '516160', 'score': 3.8479, 'annualized': 4.7951, 'r2': 0.8025, 'price': 1.103, 'today_volume': 0.0}, {'code': '515030', 'score': 3.0622, 'annualized': 3.9663, 'r2': 0.7721, 'price': 2.1, 'today_volume': 0.0}, {'code': '588080', 'score': 2.426, 'annualized': 2.8718, 'r2': 0.8448, 'price': 1.581, 'today_volume': 0.0}, {'code': '516520', 'score': 2.0813, 'annualized': 2.4104, 'r2': 0.8635, 'price': 1.066, 'today_volume': 0.0}, {'code': '501018', 'score': 1.8692, 'annualized': 1.9862, 'r2': 0.9411, 'price': 0.849, 'today_volume': 0.0}, {'code': '515050', 'score': 1.8631, 'annualized': 2.2281, 'r2': 0.8362, 'price': 1.166, 'today_volume': 0.0}, {'code': '159967', 'score': 1.6588, 'annualized': 2.536, 'r2': 0.6541, 'price': 0.807, 'today_volume': 0.0}, {'code': '513100', 'score': 1.5181, 'annualized': 1.6232, 'r2': 0.9353, 'price': 4.824, 'today_volume': 0.0}, {'code': '159949', 'score': 0.8476, 'annualized': 1.5341, 'r2': 0.5525, 'price': 1.491, 'today_volume': 0.0}, {'code': '515980', 'score': 0.7789, 'annualized': 1.0379, 'r2': 0.7505, 'price': 1.171, 'today_volume': 0.0}]",False,9,-1,False
2021-07-21,True,9,0,511880,[],[],True,9,1,159985,['159985'],"[{'code': '159985', 'score': 1.0389, 'annualized': 1.4082, 'r2': 0.7378, 'price': 1.315, 'today_volume': 0.0}]",False,0,-1,False
2021-08-31,False,67,17,512400,"['512400', '515790', '510880', '512670', '512660', '512890', '159766', '512880', '512710', '512100']","[{'code': '512400', 'score': 2.2635, 'annualized': 3.6485, 'r2': 0.6204, 'price': 1.63, 'today_volume': 582400.0}, {'code': '515790', 'score': 2.2473, 'annualized': 4.1181, 'r2': 0.5457, 'price': 1.858, 'today_volume': 1149900.0}, {'code': '510880', 'score': 1.7747, 'annualized': 2.055, 'r2': 0.8636, 'price': 3.078, 'today_volume': 50900.0}, {'code': '512670', 'score': 1.6421, 'annualized': 2.5835, 'r2': 0.6356, 'price': 1.149, 'today_volume': 974000.0}, {'code': '512660', 'score': 1.5002, 'annualized': 2.3062, 'r2': 0.6505, 'price': 1.388, 'today_volume': 624100.0}, {'code': '512890', 'score': 1.4826, 'annualized': 1.7003, 'r2': 0.8719, 'price': 1.558, 'today_volume': nan}, {'code': '159766', 'score': 1.0206, 'annualized': 1.5229, 'r2': 0.6702, 'price': 0.917, 'today_volume': 3100.0}, {'code': '512880', 'score': 0.8836, 'annualized': 1.352, 'r2': 0.6536, 'price': 1.104, 'today_volume': 19392800.0}, {'code': '512710', 'score': 0.8529, 'annualized': 1.56, 'r2': 0.5467, 'price': 0.991, 'today_volume': 106200.0}, {'code': '512100', 'score': 0.6183, 'annualized': 0.9507, 'r2': 0.6504, 'price': 1.114, 'today_volume': 146300.0}]",False,69,19,516150,"['516150', '512400', '515790', '510880', '512670', '512660', '512890', '159766', '512880', '512710']","[{'code': '516150', 'score': 2.429, 'annualized': 4.0551, 'r2': 0.599, 'price': 1.627, 'today_volume': 0.0}, {'code': '512400', 'score': 2.2635, 'annualized': 3.6485, 'r2': 0.6204, 'price': 1.63, 'today_volume': 0.0}, {'code': '515790', 'score': 2.2473, 'annualized': 4.1181, 'r2': 0.5457, 'price': 1.858, 'today_volume': 0.0}, {'code': '510880', 'score': 1.7747, 'annualized': 2.055, 'r2': 0.8636, 'price': 3.078, 'today_volume': 0.0}, {'code': '512670', 'score': 1.7579, 'annualized': 2.7174, 'r2': 0.6469, 'price': 1.149, 'today_volume': 0.0}, {'code': '512660', 'score': 1.5002, 'annualized': 2.3062, 'r2': 0.6505, 'price': 1.388, 'today_volume': 0.0}, {'code': '512890', 'score': 1.4826, 'annualized': 1.7003, 'r2': 0.8719, 'price': 1.558, 'today_volume': 0.0}, {'code': '159766', 'score': 1.0206, 'annualized': 1.5229, 'r2': 0.6702, 'price': 0.917, 'today_volume': 0.0}, {'code': '512880', 'score': 0.8836, 'annualized': 1.352, 'r2': 0.6536, 'price': 1.104, 'today_volume': 0.0}, {'code': '512710', 'score': 0.8529, 'annualized': 1.56, 'r2': 0.5467, 'price': 0.991, 'today_volume': 0.0}]",False,9,-2,False
2021-09-10,False,67,18,512890,"['512890', '159766', '512880', '512400', '513090', '510500', '159981', '513520', '512070', '512980']","[{'code': '512890', 'score': 4.825, 'annualized': 5.5205, 'r2': 0.874, 'price': 1.733, 'today_volume': nan}, {'code': '159766', 'score': 3.8612, 'annualized': 4.1321, 'r2': 0.9344, 'price': 1.012, 'today_volume': 87000.0}, {'code': '512880', 'score': 3.2298, 'annualized': 3.9311, 'r2': 0.8216, 'price': 1.254, 'today_volume': 4261000.0}, {'code': '512400', 'score': 2.7499, 'annualized': 3.8962, 'r2': 0.7058, 'price': 1.664, 'today_volume': 130200.0}, {'code': '513090', 'score': 1.7348, 'annualized': 2.3125, 'r2': 0.7502, 'price': 1.399, 'today_volume': 1179800.0}, {'code': '510500', 'score': 1.3325, 'annualized': 1.6967, 'r2': 0.7854, 'price': 8.553, 'today_volume': 3365700.0}, {'code': '159981', 'score': 1.2251, 'annualized': 1.6873, 'r2': 0.7261, 'price': 1.447, 'today_volume': 800.0}, {'code': '513520', 'score': 1.0993, 'annualized': 1.7145, 'r2': 0.6412, 'price': 1.305, 'today_volume': nan}, {'code': '512070', 'score': 1.0478, 'annualized': 1.6152, 'r2': 0.6487, 'price': 2.318, 'today_volume': 212400.0}, {'code': '512980', 'score': 0.9874, 'annualized': 1.7291, 'r2': 0.571, 'price': 0.739, 'today_volume': 66000.0}]",False,69,18,516150,"['516150', '512890', '159766', '512880', '512400', '513090', '510500', '159981', '513520', '512980']","[{'code': '516150', 'score': 4.982, 'annualized': 6.7001, 'r2': 0.7436, 'price': 1.698, 'today_volume': 0.0}, {'code': '512890', 'score': 4.825, 'annualized': 5.5205, 'r2': 0.874, 'price': 1.733, 'today_volume': 0.0}, {'code': '159766', 'score': 3.8612, 'annualized': 4.1321, 'r2': 0.9344, 'price': 1.012, 'today_volume': 0.0}, {'code': '512880', 'score': 3.2298, 'annualized': 3.9311, 'r2': 0.8216, 'price': 1.254, 'today_volume': 0.0}, {'code': '512400', 'score': 2.7499, 'annualized': 3.8962, 'r2': 0.7058, 'price': 1.664, 'today_volume': 0.0}, {'code': '513090', 'score': 1.7348, 'annualized': 2.3125, 'r2': 0.7502, 'price': 1.399, 'today_volume': 0.0}, {'code': '510500', 'score': 1.3325, 'annualized': 1.6967, 'r2': 0.7854, 'price': 8.553, 'today_volume': 0.0}, {'code': '159981', 'score': 1.2251, 'annualized': 1.6873, 'r2': 0.7261, 'price': 1.447, 'today_volume': 0.0}, {'code': '513520', 'score': 1.0993, 'annualized': 1.7145, 'r2': 0.6412, 'price': 1.305, 'today_volume': 0.0}, {'code': '512980', 'score': 0.9874, 'annualized': 1.7291, 'r2': 0.571, 'price': 0.739, 'today_volume': 0.0}]",False,9,0,False
2021-11-30,False,70,27,516520,"['516520', '515880', '512670', '562800', '512660', '512100', '159732', '515050', '159851', '512480']","[{'code': '516520', 'score': 2.2729, 'annualized': 2.4696, 'r2': 0.9204, 'price': 1.237, 'today_volume': nan}, {'code': '515880', 'score': 2.12, 'annualized': 2.452, 'r2': 0.8646, 'price': 1.108, 'today_volume': 26000.0}, {'code': '512670', 'score': 2.0207, 'annualized': 2.5863, 'r2': 0.7813, 'price': 1.227, 'today_volume': 57700.0}, {'code': '562800', 'score': 1.7258, 'annualized': 3.5803, 'r2': 0.482, 'price': 1.007, 'today_volume': 1500.0}, {'code': '512660', 'score': 1.6034, 'annualized': 2.0934, 'r2': 0.7659, 'price': 1.485, 'today_volume': 982400.0}, {'code': '512100', 'score': 1.5905, 'annualized': 1.7821, 'r2': 0.8925, 'price': 1.174, 'today_volume': 3270100.0}, {'code': '159732', 'score': 1.2273, 'annualized': 1.459, 'r2': 0.8412, 'price': 1.035, 'today_volume': 2000.0}, {'code': '515050', 'score': 1.1561, 'annualized': 1.4657, 'r2': 0.7888, 'price': 1.208, 'today_volume': 56900.0}, {'code': '159851', 'score': 1.1263, 'annualized': 1.4662, 'r2': 0.7682, 'price': 1.199, 'today_volume': 1200.0}, {'code': '512480', 'score': 0.9862, 'annualized': 1.3561, 'r2': 0.7272, 'price': 1.372, 'today_volume': 1022500.0}]",False,72,29,516150,"['516150', '516520', '515880', '512670', '562800', '512660', '512100', '159732', '515050', '159851']","[{'code': '516150', 'score': 3.3315, 'annualized': 5.4582, 'r2': 0.6104, 'price': 1.666, 'today_volume': 0.0}, {'code': '516520', 'score': 2.2729, 'annualized': 2.4696, 'r2': 0.9204, 'price': 1.237, 'today_volume': 0.0}, {'code': '515880', 'score': 2.12, 'annualized': 2.452, 'r2': 0.8646, 'price': 1.108, 'today_volume': 0.0}, {'code': '512670', 'score': 2.0207, 'annualized': 2.5863, 'r2': 0.7813, 'price': 1.227, 'today_volume': 0.0}, {'code': '562800', 'score': 1.7258, 'annualized': 3.5803, 'r2': 0.482, 'price': 1.007, 'today_volume': 0.0}, {'code': '512660', 'score': 1.6034, 'annualized': 2.0934, 'r2': 0.7659, 'price': 1.485, 'today_volume': 0.0}, {'code': '512100', 'score': 1.5905, 'annualized': 1.7821, 'r2': 0.8925, 'price': 1.174, 'today_volume': 0.0}, {'code': '159732', 'score': 1.2273, 'annualized': 1.459, 'r2': 0.8412, 'price': 1.035, 'today_volume': 0.0}, {'code': '515050', 'score': 1.1561, 'annualized': 1.4657, 'r2': 0.7888, 'price': 1.208, 'today_volume': 0.0}, {'code': '159851', 'score': 1.1263, 'annualized': 1.4662, 'r2': 0.7682, 'price': 1.199, 'today_volume': 0.0}]",False,9,-2,False
2021-12-01,False,70,29,562800,"['562800', '516520', '515880', '512670', '512100', '159851', '512660', '159732', '515050', '512480']","[{'code': '562800', 'score': 2.6308, 'annualized': 4.2578, 'r2': 0.6179, 'price': 0.988, 'today_volume': 35000.0}, {'code': '516520', 'score': 1.9672, 'annualized': 2.1955, 'r2': 0.896, 'price': 1.22, 'today_volume': 1400.0}, {'code': '515880', 'score': 1.8475, 'annualized': 2.1958, 'r2': 0.8414, 'price': 1.112, 'today_volume': 577100.0}, {'code': '512670', 'score': 1.7536, 'annualized': 2.2798, 'r2': 0.7692, 'price': 1.198, 'today_volume': 22900.0}, {'code': '512100', 'score': 1.7064, 'annualized': 1.8348, 'r2': 0.93, 'price': 1.166, 'today_volume': 700.0}, {'code': '159851', 'score': 1.4902, 'annualized': 1.7744, 'r2': 0.8399, 'price': 1.199, 'today_volume': 123500.0}, {'code': '512660', 'score': 1.3304, 'annualized': 1.7931, 'r2': 0.7419, 'price': 1.452, 'today_volume': 1110600.0}, {'code': '159732', 'score': 0.9851, 'annualized': 1.2479, 'r2': 0.7894, 'price': 1.029, 'today_volume': nan}, {'code': '515050', 'score': 0.8968, 'annualized': 1.2252, 'r2': 0.732, 'price': 1.207, 'today_volume': 463500.0}, {'code': '512480', 'score': 0.8588, 'annualized': 1.2236, 'r2': 0.7018, 'price': 1.363, 'today_volume': 1273200.0}]",False,72,30,516150,"['516150', '562800', '516520', '515880', '512670', '512100', '159851', '512660', '159732', '515050']","[{'code': '516150', 'score': 4.4279, 'annualized': 6.2722, 'r2': 0.706, 'price': 1.632, 'today_volume': 0.0}, {'code': '562800', 'score': 2.6308, 'annualized': 4.2578, 'r2': 0.6179, 'price': 0.988, 'today_volume': 0.0}, {'code': '516520', 'score': 1.9672, 'annualized': 2.1955, 'r2': 0.896, 'price': 1.22, 'today_volume': 0.0}, {'code': '515880', 'score': 1.8475, 'annualized': 2.1958, 'r2': 0.8414, 'price': 1.112, 'today_volume': 0.0}, {'code': '512670', 'score': 1.7536, 'annualized': 2.2798, 'r2': 0.7692, 'price': 1.198, 'today_volume': 0.0}, {'code': '512100', 'score': 1.7064, 'annualized': 1.8348, 'r2': 0.93, 'price': 1.166, 'today_volume': 0.0}, {'code': '159851', 'score': 1.4902, 'annualized': 1.7744, 'r2': 0.8399, 'price': 1.199, 'today_volume': 0.0}, {'code': '512660', 'score': 1.3304, 'annualized': 1.7931, 'r2': 0.7419, 'price': 1.452, 'today_volume': 0.0}, {'code': '159732', 'score': 0.9851, 'annualized': 1.2479, 'r2': 0.7894, 'price': 1.029, 'today_volume': 0.0}, {'code': '515050', 'score': 0.8968, 'annualized': 1.2252, 'r2': 0.732, 'price': 1.207, 'today_volume': 0.0}]",False,9,-1,False
2021-12-09,True,9,2,159985,"['159985', '159980']","[{'code': '159985', 'score': 0.2376, 'annualized': 0.4124, 'r2': 0.5761, 'price': 1.195, 'today_volume': 2000.0}, {'code': '159980', 'score': 0.002, 'annualized': 0.0631, 'r2': 0.0322, 'price': 1.452, 'today_volume': 8100.0}]",False,72,23,516150,"['516150', '562800', '515210', '512690', '159851', '512400', '515220', '516520', '159732', '512200']","[{'code': '516150', 'score': 3.6604, 'annualized': 4.8577, 'r2': 0.7535, 'price': 1.619, 'today_volume': 0.0}, {'code': '562800', 'score': 2.2495, 'annualized': 3.2608, 'r2': 0.6899, 'price': 0.966, 'today_volume': 0.0}, {'code': '515210', 'score': 1.8461, 'annualized': 2.1706, 'r2': 0.8505, 'price': 1.737, 'today_volume': 0.0}, {'code': '512690', 'score': 1.6664, 'annualized': 2.2804, 'r2': 0.7308, 'price': 1.409, 'today_volume': 0.0}, {'code': '159851', 'score': 1.4071, 'annualized': 1.6689, 'r2': 0.8431, 'price': 1.21, 'today_volume': 0.0}, {'code': '512400', 'score': 0.7901, 'annualized': 1.2245, 'r2': 0.6453, 'price': 1.447, 'today_volume': 0.0}, {'code': '515220', 'score': 0.7495, 'annualized': 1.7415, 'r2': 0.4304, 'price': 1.987, 'today_volume': 0.0}, {'code': '516520', 'score': 0.7217, 'annualized': 1.0173, 'r2': 0.7094, 'price': 1.243, 'today_volume': 0.0}, {'code': '159732', 'score': 0.6862, 'annualized': 0.9534, 'r2': 0.7197, 'price': 1.084, 'today_volume': 0.0}, {'code': '512200', 'score': 0.5774, 'annualized': 1.0061, 'r2': 0.5739, 'price': 0.795, 'today_volume': 0.0}]",False,0,-21,False
2021-12-10,False,70,23,512690,"['512690', '562800', '515210', '159851', '515220', '515170', '159732', '512400', '516520', '512890']","[{'code': '512690', 'score': 2.1219, 'annualized': 2.6759, 'r2': 0.793, 'price': 1.392, 'today_volume': 1344400.0}, {'code': '562800', 'score': 1.8819, 'annualized': 2.8522, 'r2': 0.6598, 'price': 0.981, 'today_volume': 30800.0}, {'code': '515210', 'score': 1.7942, 'annualized': 2.0928, 'r2': 0.8573, 'price': 1.723, 'today_volume': 64100.0}, {'code': '159851', 'score': 1.2505, 'annualized': 1.5034, 'r2': 0.8318, 'price': 1.189, 'today_volume': nan}, {'code': '515220', 'score': 1.1883, 'annualized': 2.0158, 'r2': 0.5895, 'price': 1.968, 'today_volume': 62600.0}, {'code': '515170', 'score': 0.8732, 'annualized': 1.3543, 'r2': 0.6447, 'price': 0.926, 'today_volume': 758700.0}, {'code': '159732', 'score': 0.7776, 'annualized': 1.0577, 'r2': 0.7352, 'price': 1.08, 'today_volume': 1000.0}, {'code': '512400', 'score': 0.7169, 'annualized': 1.1407, 'r2': 0.6285, 'price': 1.456, 'today_volume': 44500.0}, {'code': '516520', 'score': 0.63, 'annualized': 0.9212, 'r2': 0.6839, 'price': 1.237, 'today_volume': nan}, {'code': '512890', 'score': 0.6269, 'annualized': 0.8537, 'r2': 0.7343, 'price': 0.782, 'today_volume': nan}]",False,72,24,516150,"['516150', '512690', '562800', '515210', '159851', '515220', '515170', '159732', '512400', '516520']","[{'code': '516150', 'score': 3.0195, 'annualized': 4.1822, 'r2': 0.722, 'price': 1.625, 'today_volume': 0.0}, {'code': '512690', 'score': 2.1219, 'annualized': 2.6759, 'r2': 0.793, 'price': 1.392, 'today_volume': 0.0}, {'code': '562800', 'score': 1.8819, 'annualized': 2.8522, 'r2': 0.6598, 'price': 0.981, 'today_volume': 0.0}, {'code': '515210', 'score': 1.7942, 'annualized': 2.0928, 'r2': 0.8573, 'price': 1.723, 'today_volume': 0.0}, {'code': '159851', 'score': 1.2505, 'annualized': 1.5034, 'r2': 0.8318, 'price': 1.189, 'today_volume': 0.0}, {'code': '515220', 'score': 1.1883, 'annualized': 2.0158, 'r2': 0.5895, 'price': 1.968, 'today_volume': 0.0}, {'code': '515170', 'score': 0.8732, 'annualized': 1.3543, 'r2': 0.6447, 'price': 0.926, 'today_volume': 0.0}, {'code': '159732', 'score': 0.7776, 'annualized': 1.0577, 'r2': 0.7352, 'price': 1.08, 'today_volume': 0.0}, {'code': '512400', 'score': 0.7169, 'annualized': 1.1407, 'r2': 0.6285, 'price': 1.456, 'today_volume': 0.0}, {'code': '516520', 'score': 0.63, 'annualized': 0.9212, 'r2': 0.6839, 'price': 1.237, 'today_volume': 0.0}]",False,9,-1,False
2022-03-29,True,9,4,513500,"['513500', '513100', '159980', '513030']","[{'code': '513500', 'score': 0.8784, 'annualized': 1.5001, 'r2': 0.5855, 'price': 2.735, 'today_volume': 1500400.0}, {'code': '513100', 'score': 0.7007, 'annualized': 1.7337, 'r2': 0.4041, 'price': 0.974, 'today_volume': 58500.0}, {'code': '159980', 'score': 0.3885, 'annualized': 1.0175, 'r2': 0.3818, 'price': 1.72, 'today_volume': 3100.0}, {'code': '513030', 'score': 0.0047, 'annualized': 0.4967, 'r2': 0.0095, 'price': 1.037, 'today_volume': 31000.0}]",True,9,3,513100,"['513100', '159980', '513030']","[{'code': '513100', 'score': 0.7007, 'annualized': 1.7337, 'r2': 0.4041, 'price': 0.974, 'today_volume': 0.0}, {'code': '159980', 'score': 0.3885, 'annualized': 1.0175, 'r2': 0.3818, 'price': 1.72, 'today_volume': 0.0}, {'code': '513030', 'score': 0.0047, 'annualized': 0.4967, 'r2': 0.0095, 'price': 1.037, 'today_volume': 0.0}]",False,3,1,False
2024-11-25,True,17,4,159529,"['159529', '513500', '513400', '513100']","[{'code': '159529', 'score': 2.2954, 'annualized': 2.7286, 'r2': 0.8413, 'price': 1.305, 'today_volume': 957200.0}, {'code': '513500', 'score': 1.0848, 'annualized': 1.4397, 'r2': 0.7535, 'price': 2.169, 'today_volume': 431000.0}, {'code': '513400', 'score': 0.6879, 'annualized': 1.0862, 'r2': 0.6333, 'price': 1.171, 'today_volume': 2146000.0}, {'code': '513100', 'score': 0.4349, 'annualized': 0.7389, 'r2': 0.5887, 'price': 1.534, 'today_volume': 232100.0}]",True,17,5,159518,"['159518', '159529', '513500', '513400', '513100']","[{'code': '159518', 'score': 2.5625, 'annualized': 3.2292, 'r2': 0.7936, 'price': 1.051, 'today_volume': 0.0}, {'code': '159529', 'score': 2.2954, 'annualized': 2.7286, 'r2': 0.8413, 'price': 1.305, 'today_volume': 0.0}, {'code': '513500', 'score': 1.0848, 'annualized': 1.4397, 'r2': 0.7535, 'price': 2.169, 'today_volume': 0.0}, {'code': '513400', 'score': 0.6879, 'annualized': 1.0862, 'r2': 0.6333, 'price': 1.171, 'today_volume': 0.0}, {'code': '513100', 'score': 0.4349, 'annualized': 0.7389, 'r2': 0.5887, 'price': 1.534, 'today_volume': 0.0}]",False,4,-1,False
2025-07-22,False,109,84,515210,"['515210', '562800', '515790', '159949', '159509', '516510', '560860', '515120', '159992', '159915']","[{'code': '515210', 'score': 3.9306, 'annualized': 4.3425, 'r2': 0.9051, 'price': 1.407, 'today_volume': 2106800.0}, {'code': '562800', 'score': 3.3494, 'annualized': 3.8981, 'r2': 0.8592, 'price': 0.615, 'today_volume': 109100.0}, {'code': '515790', 'score': 3.3237, 'annualized': 3.6565, 'r2': 0.909, 'price': 0.743, 'today_volume': 2115300.0}, {'code': '159949', 'score': 2.9899, 'annualized': 3.1944, 'r2': 0.936, 'price': 1.044, 'today_volume': 270400.0}, {'code': '159509', 'score': 2.7419, 'annualized': 2.9037, 'r2': 0.9443, 'price': 1.759, 'today_volume': 3130800.0}, {'code': '516510', 'score': 2.6727, 'annualized': 3.2596, 'r2': 0.82, 'price': 1.266, 'today_volume': 146000.0}, {'code': '560860', 'score': 2.4976, 'annualized': 3.0064, 'r2': 0.8308, 'price': 1.0, 'today_volume': 841500.0}, {'code': '515120', 'score': 2.4832, 'annualized': 2.9219, 'r2': 0.8499, 'price': 0.66, 'today_volume': 191700.0}, {'code': '159992', 'score': 2.4328, 'annualized': 2.8619, 'r2': 0.8501, 'price': 0.881, 'today_volume': 282200.0}, {'code': '159915', 'score': 2.3503, 'annualized': 2.5305, 'r2': 0.9288, 'price': 2.287, 'today_volume': 2538900.0}]",False,111,86,516150,"['516150', '515210', '562800', '515790', '159949', '159509', '516510', '560860', '515120', '159992']","[{'code': '516150', 'score': 4.3918, 'annualized': 5.4768, 'r2': 0.8019, 'price': 1.36, 'today_volume': 0.0}, {'code': '515210', 'score': 3.9306, 'annualized': 4.3425, 'r2': 0.9051, 'price': 1.407, 'today_volume': 0.0}, {'code': '562800', 'score': 3.3494, 'annualized': 3.8981, 'r2': 0.8592, 'price': 0.615, 'today_volume': 0.0}, {'code': '515790', 'score': 3.3237, 'annualized': 3.6565, 'r2': 0.909, 'price': 0.743, 'today_volume': 0.0}, {'code': '159949', 'score': 2.9899, 'annualized': 3.1944, 'r2': 0.936, 'price': 1.044, 'today_volume': 0.0}, {'code': '159509', 'score': 2.7419, 'annualized': 2.9037, 'r2': 0.9443, 'price': 1.759, 'today_volume': 0.0}, {'code': '516510', 'score': 2.6727, 'annualized': 3.2596, 'r2': 0.82, 'price': 1.266, 'today_volume': 0.0}, {'code': '560860', 'score': 2.4976, 'annualized': 3.0064, 'r2': 0.8308, 'price': 1.0, 'today_volume': 0.0}, {'code': '515120', 'score': 2.4832, 'annualized': 2.9219, 'r2': 0.8499, 'price': 0.66, 'today_volume': 0.0}, {'code': '159992', 'score': 2.4328, 'annualized': 2.8619, 'r2': 0.8501, 'price': 0.881, 'today_volume': 0.0}]",False,9,-2,False
2025-09-04,False,111,37,515790,"['515790', '515030', '516520', '512980', '512050', '159870', '510500', '510300', '562500', '159869']","[{'code': '515790', 'score': 4.8425, 'annualized': 5.1055, 'r2': 0.9485, 'price': 0.864, 'today_volume': 9736700.0}, {'code': '515030', 'score': 4.4418, 'annualized': 4.6599, 'r2': 0.9532, 'price': 1.505, 'today_volume': 140300.0}, {'code': '516520', 'score': 3.891, 'annualized': 4.6844, 'r2': 0.8306, 'price': 1.209, 'today_volume': 84100.0}, {'code': '512980', 'score': 2.4569, 'annualized': 2.8553, 'r2': 0.8605, 'price': 0.972, 'today_volume': 203600.0}, {'code': '512050', 'score': 2.2712, 'annualized': 2.5696, 'r2': 0.8839, 'price': 1.091, 'today_volume': 24873900.0}, {'code': '159870', 'score': 2.1288, 'annualized': 2.5466, 'r2': 0.836, 'price': 0.662, 'today_volume': 3760700.0}, {'code': '510500', 'score': 2.0927, 'annualized': 2.4856, 'r2': 0.8419, 'price': 6.831, 'today_volume': 1296332.0}, {'code': '510300', 'score': 1.94, 'annualized': 2.2029, 'r2': 0.8807, 'price': 4.463, 'today_volume': 5837600.0}, {'code': '562500', 'score': 1.8101, 'annualized': 2.3063, 'r2': 0.7848, 'price': 0.98, 'today_volume': 5146600.0}, {'code': '159869', 'score': 1.3493, 'annualized': 1.8442, 'r2': 0.7316, 'price': 1.422, 'today_volume': 1087000.0}]",False,113,38,516160,"['516160', '515790', '515030', '516520', '512980', '512050', '159870', '510500', '510300', '562500']","[{'code': '516160', 'score': 4.8895, 'annualized': 5.1061, 'r2': 0.9576, 'price': 2.374, 'today_volume': 0.0}, {'code': '515790', 'score': 4.8425, 'annualized': 5.1055, 'r2': 0.9485, 'price': 0.864, 'today_volume': 0.0}, {'code': '515030', 'score': 4.4418, 'annualized': 4.6599, 'r2': 0.9532, 'price': 1.505, 'today_volume': 0.0}, {'code': '516520', 'score': 3.891, 'annualized': 4.6844, 'r2': 0.8306, 'price': 1.209, 'today_volume': 0.0}, {'code': '512980', 'score': 2.4569, 'annualized': 2.8553, 'r2': 0.8605, 'price': 0.972, 'today_volume': 0.0}, {'code': '512050', 'score': 2.2712, 'annualized': 2.5696, 'r2': 0.8839, 'price': 1.091, 'today_volume': 0.0}, {'code': '159870', 'score': 2.1288, 'annualized': 2.5466, 'r2': 0.836, 'price': 0.662, 'today_volume': 0.0}, {'code': '510500', 'score': 2.0927, 'annualized': 2.4856, 'r2': 0.8419, 'price': 6.831, 'today_volume': 0.0}, {'code': '510300', 'score': 1.94, 'annualized': 2.2029, 'r2': 0.8807, 'price': 4.463, 'today_volume': 0.0}, {'code': '562500', 'score': 1.8101, 'annualized': 2.3063, 'r2': 0.7848, 'price': 0.98, 'today_volume': 0.0}]",False,9,-1,False
2025-09-09,False,111,45,562800,"['562800', '512480', '159732', '159967', '516510', '159870', '588220', '516520', '159667', '513310']","[{'code': '562800', 'score': 4.6751, 'annualized': 5.5655, 'r2': 0.84, 'price': 0.762, 'today_volume': 106300.0}, {'code': '512480', 'score': 4.0629, 'annualized': 6.6052, 'r2': 0.6151, 'price': 1.259, 'today_volume': 822400.0}, {'code': '159732', 'score': 3.9763, 'annualized': 5.1962, 'r2': 0.7652, 'price': 1.015, 'today_volume': 1809900.0}, {'code': '159967', 'score': 3.8535, 'annualized': 4.7992, 'r2': 0.8029, 'price': 0.566, 'today_volume': 178600.0}, {'code': '516510', 'score': 3.3042, 'annualized': 5.3389, 'r2': 0.6189, 'price': 1.506, 'today_volume': 239900.0}, {'code': '159870', 'score': 2.3995, 'annualized': 2.812, 'r2': 0.8533, 'price': 0.706, 'today_volume': 1813300.0}, {'code': '588220', 'score': 2.3791, 'annualized': 3.2305, 'r2': 0.7364, 'price': 1.277, 'today_volume': 245600.0}, {'code': '516520', 'score': 2.3071, 'annualized': 3.1167, 'r2': 0.7402, 'price': 1.259, 'today_volume': 1279300.0}, {'code': '159667', 'score': 2.2732, 'annualized': 2.8982, 'r2': 0.7843, 'price': 1.427, 'today_volume': 800.0}, {'code': '513310', 'score': 2.253, 'annualized': 3.2274, 'r2': 0.6981, 'price': 1.894, 'today_volume': 1000100.0}]",False,113,46,516150,"['516150', '562800', '512480', '159732', '159967', '516510', '159870', '588220', '516520', '159667']","[{'code': '516150', 'score': 4.9237, 'annualized': 6.871, 'r2': 0.7166, 'price': 1.691, 'today_volume': 0.0}, {'code': '562800', 'score': 4.6751, 'annualized': 5.5655, 'r2': 0.84, 'price': 0.762, 'today_volume': 0.0}, {'code': '512480', 'score': 4.0629, 'annualized': 6.6052, 'r2': 0.6151, 'price': 1.259, 'today_volume': 0.0}, {'code': '159732', 'score': 3.9763, 'annualized': 5.1962, 'r2': 0.7652, 'price': 1.015, 'today_volume': 0.0}, {'code': '159967', 'score': 3.8535, 'annualized': 4.7992, 'r2': 0.8029, 'price': 0.566, 'today_volume': 0.0}, {'code': '516510', 'score': 3.3042, 'annualized': 5.3389, 'r2': 0.6189, 'price': 1.506, 'today_volume': 0.0}, {'code': '159870', 'score': 2.3995, 'annualized': 2.812, 'r2': 0.8533, 'price': 0.706, 'today_volume': 0.0}, {'code': '588220', 'score': 2.3791, 'annualized': 3.2305, 'r2': 0.7364, 'price': 1.277, 'today_volume': 0.0}, {'code': '516520', 'score': 2.3071, 'annualized': 3.1167, 'r2': 0.7402, 'price': 1.259, 'today_volume': 0.0}, {'code': '159667', 'score': 2.2732, 'annualized': 2.8982, 'r2': 0.7843, 'price': 1.427, 'today_volume': 0.0}]",False,9,-1,False
2025-11-14,False,112,31,159766,"['159766', '159326', '513310', '513290', '159566', '159870', '513190', '561360', '513920', '513630']","[{'code': '159766', 'score': 2.9445, 'annualized': 3.4986, 'r2': 0.8416, 'price': 0.801, 'today_volume': 1554100.0}, {'code': '159326', 'score': 2.5051, 'annualized': 3.5758, 'r2': 0.7006, 'price': 1.504, 'today_volume': 180700.0}, {'code': '513310', 'score': 2.0516, 'annualized': 3.1589, 'r2': 0.6495, 'price': 2.595, 'today_volume': 1432000.0}, {'code': '513290', 'score': 1.884, 'annualized': 2.1805, 'r2': 0.864, 'price': 1.475, 'today_volume': 461700.0}, {'code': '159566', 'score': 1.6194, 'annualized': 2.3318, 'r2': 0.6945, 'price': 2.216, 'today_volume': 351600.0}, {'code': '159870', 'score': 1.5716, 'annualized': 2.6416, 'r2': 0.595, 'price': 0.784, 'today_volume': 1491700.0}, {'code': '513190', 'score': 1.5454, 'annualized': 1.7516, 'r2': 0.8823, 'price': 1.845, 'today_volume': 240100.0}, {'code': '561360', 'score': 1.3303, 'annualized': 1.512, 'r2': 0.8798, 'price': 1.213, 'today_volume': 2900.0}, {'code': '513920', 'score': 1.1685, 'annualized': 1.2989, 'r2': 0.8996, 'price': 1.713, 'today_volume': 182100.0}, {'code': '513630', 'score': 1.0791, 'annualized': 1.2651, 'r2': 0.853, 'price': 1.698, 'today_volume': 3575400.0}]",False,114,32,516160,"['516160', '159766', '159326', '513310', '513290', '159566', '159870', '513190', '561360', '513920']","[{'code': '516160', 'score': 2.9452, 'annualized': 3.77, 'r2': 0.7812, 'price': 3.096, 'today_volume': 0.0}, {'code': '159766', 'score': 2.9445, 'annualized': 3.4986, 'r2': 0.8416, 'price': 0.801, 'today_volume': 0.0}, {'code': '159326', 'score': 2.5051, 'annualized': 3.5758, 'r2': 0.7006, 'price': 1.504, 'today_volume': 0.0}, {'code': '513310', 'score': 2.0516, 'annualized': 3.1589, 'r2': 0.6495, 'price': 2.595, 'today_volume': 0.0}, {'code': '513290', 'score': 1.884, 'annualized': 2.1805, 'r2': 0.864, 'price': 1.475, 'today_volume': 0.0}, {'code': '159566', 'score': 1.6194, 'annualized': 2.3318, 'r2': 0.6945, 'price': 2.216, 'today_volume': 0.0}, {'code': '159870', 'score': 1.5716, 'annualized': 2.6416, 'r2': 0.595, 'price': 0.784, 'today_volume': 0.0}, {'code': '513190', 'score': 1.5454, 'annualized': 1.7516, 'r2': 0.8823, 'price': 1.845, 'today_volume': 0.0}, {'code': '561360', 'score': 1.3303, 'annualized': 1.512, 'r2': 0.8798, 'price': 1.213, 'today_volume': 0.0}, {'code': '513920', 'score': 1.1638, 'annualized': 1.2933, 'r2': 0.8998, 'price': 1.713, 'today_volume': 0.0}]",False,9,-1,False
2026-07-02,False,112,9,513290,"['513290', '512880', '513520', '510500', '562800', '159870', '512070', '512100', '513400']","[{'code': '513290', 'score': 3.0654, 'annualized': 4.5367, 'r2': 0.6757, 'price': 1.644, 'today_volume': 3517700.0}, {'code': '512880', 'score': 2.8015, 'annualized': 3.7138, 'r2': 0.7543, 'price': 1.155, 'today_volume': 18948200.0}, {'code': '513520', 'score': 1.5339, 'annualized': 2.4893, 'r2': 0.6162, 'price': 2.427, 'today_volume': 389100.0}, {'code': '510500', 'score': 1.2811, 'annualized': 2.1016, 'r2': 0.6096, 'price': 9.01, 'today_volume': 269200.0}, {'code': '562800', 'score': 1.233, 'annualized': 2.4821, 'r2': 0.4968, 'price': 1.155, 'today_volume': 229800.0}, {'code': '159870', 'score': 0.9209, 'annualized': 1.606, 'r2': 0.5734, 'price': 0.891, 'today_volume': 1072700.0}, {'code': '512070', 'score': 0.7621, 'annualized': 1.2186, 'r2': 0.6253, 'price': 0.807, 'today_volume': 2960600.0}, {'code': '512100', 'score': 0.6026, 'annualized': 1.1598, 'r2': 0.5195, 'price': 3.563, 'today_volume': 668900.0}, {'code': '513400', 'score': 0.2303, 'annualized': 0.4613, 'r2': 0.4992, 'price': 1.301, 'today_volume': 94600.0}]",False,114,10,159667,"['159667', '513290', '512880', '513520', '510500', '562800', '159870', '512070', '512100', '513400']","[{'code': '159667', 'score': 4.9832, 'annualized': 6.3388, 'r2': 0.7862, 'price': 0.9, 'today_volume': 0.0}, {'code': '513290', 'score': 3.0654, 'annualized': 4.5367, 'r2': 0.6757, 'price': 1.644, 'today_volume': 0.0}, {'code': '512880', 'score': 2.8015, 'annualized': 3.7138, 'r2': 0.7543, 'price': 1.155, 'today_volume': 0.0}, {'code': '513520', 'score': 1.5339, 'annualized': 2.4893, 'r2': 0.6162, 'price': 2.427, 'today_volume': 0.0}, {'code': '510500', 'score': 1.2811, 'annualized': 2.1016, 'r2': 0.6096, 'price': 9.01, 'today_volume': 0.0}, {'code': '562800', 'score': 1.233, 'annualized': 2.4821, 'r2': 0.4968, 'price': 1.155, 'today_volume': 0.0}, {'code': '159870', 'score': 0.9209, 'annualized': 1.606, 'r2': 0.5734, 'price': 0.891, 'today_volume': 0.0}, {'code': '512070', 'score': 0.7621, 'annualized': 1.2186, 'r2': 0.6253, 'price': 0.807, 'today_volume': 0.0}, {'code': '512100', 'score': 0.6026, 'annualized': 1.1598, 'r2': 0.5195, 'price': 3.563, 'today_volume': 0.0}, {'code': '513400', 'score': 0.2303, 'annualized': 0.4613, 'r2': 0.4992, 'price': 1.301, 'today_volume': 0.0}]",False,9,-1,False
